Date,NCR,CAR,R1,R2,R3,R4a,R4b,R5,R6,R7,R8,R9,R10,R11,R12,CARAGA,BARMM,ROF
2020-01-30,0,0,0,0,0,0,0,0,0,1,0,0,0,0,0,0,0,0
2020-01-31,0,0,0,0,0,0,0,0,0,0,0,0,0,0,0,0,0,0
2020-02-01,0,0,0,0,0,0,0,0,0,0,0,0,0,0,0,0,0,0
2020-02-02,0,0,0,0,0,0,0,0,0,0,0,0,0,0,0,0,0,0
2020-02-03,0,0,0,0,0,0,0,0,0,1,0,0,0,0,0,0,0,0
2020-02-04,0,0,0,0,0,0,0,0,0,0,0,0,0,0,0,0,0,0
2020-02-05,0,0,0,0,0,0,0,0,0,1,0,0,0,0,0,0,0,0
2020-02-06,0,0,0,0,0,0,0,0,0,0,0,0,0,0,0,0,0,0
2020-02-07,0,0,0,0,0,0,0,0,0,0,0,0,0,0,0,0,0,0
2020-02-08,0,0,0,0,0,0,0,0,0,0,0,0,0,0,0,0,0,0
2020-02-09,0,0,0,0,0,0,0,0,0,0,0,0,0,0,0,0,0,0
2020-02-10,0,0,0,0,0,0,0,0,0,0,0,0,0,0,0,0,0,0
2020-02-11,0,0,0,0,0,0,0,0,0,0,0,0,0,0,0,0,0,0
2020-02-12,0,0,0,0,0,0,0,0,0,0,0,0,0,0,0,0,0,0
2020-02-13,0,0,0,0,0,0,0,0,0,0,0,0,0,0,0,0,0,0
2020-02-14,0,0,0,0,0,0,0,0,0,0,0,0,0,0,0,0,0,0
2020-02-15,0,0,0,0,0,0,0,0,0,0,0,0,0,0,0,0,0,0
2020-02-16,0,0,0,0,0,0,0,0,0,0,0,0,0,0,0,0,0,0
2020-02-17,0,0,0,0,0,0,0,0,0,0,0,0,0,0,0,0,0,0
2020-02-18,0,0,0,0,0,0,0,0,0,0,0,0,0,0,0,0,0,0
2020-02-19,0,0,0,0,0,0,0,0,0,0,0,0,0,0,0,0,0,0
2020-02-20,0,0,0,0,0,0,0,0,0,0,0,0,0,0,0,0,0,0
2020-02-21,0,0,0,0,0,0,0,0,0,0,0,0,0,0,0,0,0,0
2020-02-22,0,0,0,0,0,0,0,0,0,0,0,0,0,0,0,0,0,0
2020-02-23,0,0,0,0,0,0,0,0,0,0,0,0,0,0,0,0,0,0
2020-02-24,0,0,0,0,0,0,0,0,0,0,0,0,0,0,0,0,0,0
2020-02-25,0,0,0,0,0,0,0,0,0,0,0,0,0,0,0,0,0,0
2020-02-26,0,0,0,0,0,0,0,0,0,0,0,0,0,0,0,0,0,0
2020-02-27,0,0,0,0,0,0,0,0,0,0,0,0,0,0,0,0,0,0
2020-02-28,0,0,0,0,0,0,0,0,0,0,0,0,0,0,0,0,0,0
2020-02-29,0,0,0,0,0,0,0,0,0,0,0,0,0,0,0,0,0,0
2020-03-01,0,0,0,0,0,0,0,0,0,0,0,0,0,0,0,0,0,0
2020-03-02,0,0,0,0,0,0,0,0,0,0,0,0,0,0,0,0,0,0
2020-03-03,0,0,0,0,0,0,0,0,0,0,0,0,0,0,0,0,0,0
2020-03-04,0,0,0,0,0,0,0,0,0,0,0,0,0,0,0,0,0,0
2020-03-05,0,0,0,0,0,0,0,0,0,0,0,0,0,0,0,0,0,0
2020-03-06,0,0,0,0,0,2,0,0,0,0,0,0,0,0,0,0,0,0
2020-03-07,0,0,0,0,0,1,0,0,0,0,0,0,0,0,0,0,0,0
2020-03-08,2,0,0,0,0,0,0,0,0,0,0,0,0,0,0,0,0,2
2020-03-09,11,0,0,0,1,1,0,0,0,0,0,0,0,0,0,0,0,1
2020-03-10,7,0,0,0,1,0,0,0,0,0,0,0,0,0,0,0,0,1
2020-03-11,13,0,0,0,0,1,0,0,0,1,0,0,0,0,0,0,0,1
2020-03-12,2,0,0,0,0,1,0,0,0,0,0,0,0,0,0,0,0,0
2020-03-13,9,0,0,0,2,1,0,0,0,0,0,0,0,0,0,0,0,0
2020-03-14,36,0,0,0,3,5,0,0,0,0,0,0,0,0,0,0,0,3
2020-03-15,22,0,0,0,1,4,0,0,0,0,0,0,0,0,0,0,0,1
2020-03-16,2,0,0,0,0,0,0,0,0,0,0,0,0,0,0,0,0,0
2020-03-17,38,0,0,0,1,4,0,0,0,0,0,0,0,0,0,0,0,2
2020-03-18,11,0,0,0,0,2,0,0,0,1,0,0,0,0,0,0,1,0
2020-03-19,13,0,0,0,0,2,0,0,0,0,0,0,0,0,0,0,0,0
2020-03-20,12,0,0,0,0,0,0,0,0,0,0,0,0,0,0,0,0,1
2020-03-21,55,0,2,1,5,8,1,0,2,0,0,0,0,2,0,0,0,1
2020-03-22,57,0,0,0,1,14,0,0,0,0,0,0,0,0,0,0,0,1
2020-03-23,65,0,0,0,5,7,0,0,0,0,0,0,0,2,0,0,0,1
2020-03-24,69,0,0,0,3,12,0,0,0,0,0,0,1,0,0,0,2,3
2020-03-25,63,0,0,0,2,12,1,0,1,0,0,1,1,0,1,0,2,0
2020-03-26,47,1,3,2,6,11,0,0,0,0,0,0,0,0,0,0,0,0
2020-03-27,78,0,4,2,1,9,0,3,3,0,0,0,0,2,0,0,0,0
2020-03-28,189,0,1,6,15,45,2,0,6,0,0,0,0,2,0,0,0,1
2020-03-29,260,2,2,4,15,33,1,1,4,0,0,0,0,16,1,1,0,2
2020-03-30,69,4,1,0,5,19,0,0,0,0,0,0,1,20,0,0,2,5
2020-03-31,403,2,4,1,21,71,3,0,1,26,0,2,0,1,0,0,0,1
2020-04-01,158,0,2,3,8,36,0,2,0,1,0,0,0,13,2,0,1,1
2020-04-02,232,1,16,2,19,38,1,1,2,4,0,1,0,0,0,0,0,5
2020-04-03,287,0,1,1,22,53,0,4,4,0,1,2,4,2,0,0,0,4
2020-04-04,50,0,0,0,3,9,0,0,5,0,0,0,0,5,0,0,0,3
2020-04-05,106,0,0,1,13,22,0,0,0,0,0,0,0,8,0,0,1,1
2020-04-06,309,4,1,0,16,68,0,2,0,3,0,0,0,0,3,0,1,5
2020-04-07,58,0,0,1,4,29,0,1,0,0,2,1,1,4,2,0,1,0
2020-04-08,74,0,0,1,2,22,0,0,0,0,0,0,0,3,1,1,1,1
2020-04-09,154,1,0,1,14,28,1,0,0,1,0,0,0,3,0,0,0,2
2020-04-10,71,0,8,0,5,22,0,0,9,1,0,0,3,0,0,0,0,0
2020-04-11,160,1,1,1,17,50,0,1,0,0,0,0,0,0,0,0,0,2
2020-04-12,145,0,0,0,8,53,4,0,0,2,0,0,0,0,0,0,0,8
2020-04-13,192,2,3,1,24,56,0,1,0,0,0,1,0,0,0,0,0,4
2020-04-14,195,0,0,0,24,61,0,2,0,0,0,1,0,3,0,0,0,3
2020-04-15,175,1,0,0,7,31,0,1,1,7,0,0,0,3,0,0,0,4
2020-04-16,115,1,0,0,28,39,0,0,0,21,0,0,0,2,0,0,0,0
2020-04-17,138,0,0,0,24,23,0,0,2,27,1,0,0,2,0,0,0,1
2020-04-18,141,0,0,0,6,48,0,0,4,2,0,0,0,3,0,0,0,3
2020-04-19,121,0,0,1,8,19,0,0,1,17,0,0,0,0,0,1,0,3
2020-04-20,134,0,0,0,4,17,0,5,3,25,0,0,0,6,0,0,1,2
2020-04-21,74,1,0,0,1,8,0,0,0,48,1,0,0,3,0,0,0,0
2020-04-22,73,0,0,0,3,10,0,3,2,13,0,0,0,5,0,0,0,0
2020-04-23,99,0,0,0,2,18,1,5,0,141,0,0,1,1,0,1,0,1
2020-04-24,151,0,1,0,3,27,0,0,0,22,0,0,0,0,0,1,1,3
2020-04-25,51,2,6,2,0,7,0,1,0,30,1,0,0,1,0,0,0,1
2020-04-26,153,8,1,1,2,40,2,0,2,64,0,0,0,5,0,0,0,4
2020-04-27,122,6,0,0,4,19,2,0,4,39,0,1,0,0,0,0,0,0
2020-04-28,123,1,0,1,3,6,0,0,1,32,6,0,0,6,0,0,0,1
2020-04-29,192,0,0,0,10,40,0,0,0,2,0,1,0,2,0,0,0,5
2020-04-30,149,0,0,0,2,10,0,3,1,104,0,0,1,0,0,0,0,1
2020-05-01,124,0,1,3,2,14,1,3,2,130,0,0,0,0,0,0,0,1
2020-05-02,50,0,0,0,0,12,0,1,0,80,0,0,0,0,0,0,0,12
2020-05-03,121,0,1,0,2,9,1,0,1,118,0,23,1,12,0,0,0,6
2020-05-04,121,0,0,0,2,25,1,3,1,88,1,14,0,1,0,0,0,3
2020-05-05,171,0,0,0,4,20,0,0,0,2,0,0,1,0,0,0,0,1
2020-05-06,173,0,0,0,7,11,4,0,5,102,0,0,0,12,0,0,0,4
2020-05-07,93,0,0,0,19,4,0,2,0,205,0,1,1,6,0,0,0,3
2020-05-08,74,0,0,0,0,2,0,1,0,36,0,0,2,1,0,0,0,1
2020-05-09,100,0,0,0,2,4,0,1,2,17,0,0,0,9,0,0,0,11
2020-05-10,85,0,0,0,4,2,0,7,0,74,5,0,0,0,0,0,0,2
2020-05-11,170,0,0,0,4,28,0,0,0,77,1,0,0,0,0,0,0,6
2020-05-12,154,1,0,0,2,10,7,3,1,75,0,0,0,1,0,0,0,8
2020-05-13,149,2,0,0,1,20,0,0,0,59,1,24,0,0,0,0,0,9
2020-05-14,174,1,0,0,4,20,1,2,2,16,1,13,2,7,0,0,0,13
2020-05-15,119,0,0,0,8,31,0,2,1,1,4,16,0,9,0,0,0,21
2020-05-16,122,0,0,0,6,29,1,0,0,0,0,25,0,7,1,0,1,22
2020-05-17,151,0,0,0,6,6,0,0,0,1,2,0,0,0,0,0,0,34
2020-05-18,117,1,1,0,2,2,0,1,0,8,0,16,0,0,0,0,0,56
2020-05-19,161,0,0,1,14,14,0,0,0,17,0,0,0,0,4,0,0,10
2020-05-20,149,0,0,0,23,17,0,0,0,14,0,0,0,0,0,0,0,58
2020-05-21,95,0,0,0,2,10,0,2,0,97,0,0,0,0,0,0,0,5
2020-05-22,91,0,0,0,3,12,1,0,0,55,0,0,0,0,0,0,0,0
2020-05-23,110,1,0,0,11,12,0,0,2,0,0,0,1,38,0,1,1,1
2020-05-24,186,0,0,0,20,18,0,1,0,0,0,0,0,5,0,0,1,21
2020-05-25,161,0,0,0,3,40,0,0,0,70,0,0,0,0,0,0,0,7
2020-05-26,244,1,0,0,4,30,0,1,0,0,0,3,1,8,0,0,0,51
2020-05-27,258,0,1,0,7,35,0,0,0,0,0,2,1,5,0,1,1,51
2020-05-28,325,0,1,0,16,33,0,1,1,55,2,0,1,21,0,0,2,62
2020-05-29,581,0,1,0,51,62,0,2,1,27,3,0,4,1,0,1,9,258
2020-05-30,385,0,10,1,13,48,1,4,0,19,0,1,0,0,0,0,0,36
2020-05-31,271,0,0,0,28,33,1,2,2,147,6,3,1,35,0,0,2,269
2020-06-01,212,0,0,0,26,30,0,0,3,207,0,0,1,9,0,0,0,42
2020-06-02,164,1,0,1,4,9,1,0,0,109,1,3,0,1,0,0,1,39
2020-06-03,260,4,7,0,11,23,18,1,2,344,1,2,1,8,0,0,0,41
2020-06-04,266,0,9,0,13,28,8,0,0,139,1,0,1,17,2,2,0,104
2020-06-05,49,0,1,0,2,7,1,1,0,138,0,5,0,2,0,0,0,20
2020-06-06,290,0,2,0,9,54,1,2,1,170,0,0,2,2,0,0,1,88
2020-06-07,172,2,0,1,9,22,1,3,0,215,1,0,2,1,1,0,2,47
2020-06-08,256,1,9,0,7,67,0,1,1,161,1,1,1,0,0,0,1,53
2020-06-09,222,1,4,1,16,25,0,0,1,102,0,1,2,3,0,0,1,75
2020-06-10,238,1,2,1,11,42,2,0,0,86,4,0,2,2,2,0,4,244
2020-06-11,182,0,1,1,4,45,0,2,2,93,18,1,0,5,0,1,0,79
2020-06-12,292,3,0,2,12,38,1,0,3,118,5,22,2,10,0,2,7,39
2020-06-13,288,3,1,2,7,40,0,1,3,86,46,1,2,28,0,0,14,43
2020-06-14,264,16,3,3,9,35,2,1,3,116,0,1,1,1,0,0,0,54
2020-06-15,222,6,1,1,9,41,0,1,0,87,59,1,3,12,3,0,4,15
2020-06-16,192,7,1,1,3,38,0,0,1,60,6,1,2,9,0,0,5,25
2020-06-17,199,6,0,2,7,26,0,1,6,162,0,4,3,0,2,0,1,33
2020-06-18,190,0,1,0,6,35,2,0,4,299,7,0,0,1,1,0,0,9
2020-06-19,287,5,2,0,16,40,0,3,4,126,69,2,0,6,3,3,5,52
2020-06-20,301,3,2,0,12,32,2,1,5,450,3,2,0,0,0,0,5,27
2020-06-21,269,1,3,0,16,56,0,2,1,268,3,0,2,6,1,0,1,8
2020-06-22,179,0,2,3,12,73,0,2,13,257,40,1,5,0,1,1,7,22
2020-06-23,479,0,0,0,24,71,2,2,11,316,1,2,14,29,4,2,14,103
2020-06-24,250,0,3,0,6,23,1,1,11,147,3,0,3,1,0,1,0,9
2020-06-25,466,0,2,2,21,56,0,0,9,105,1,10,2,2,1,8,1,49
2020-06-26,390,0,4,5,19,100,1,0,35,258,6,4,2,14,1,12,11,107
2020-06-27,322,1,5,0,20,49,7,4,1,202,34,7,2,8,1,2,0,46
2020-06-28,367,1,5,4,11,38,0,2,5,128,1,11,9,4,2,0,0,35
2020-06-29,550,0,4,4,32,89,0,10,8,133,7,8,1,1,1,1,1,47
2020-06-30,346,1,1,3,16,51,2,5,18,531,2,2,3,16,3,2,2,26
2020-07-01,349,0,2,0,14,77,0,2,28,301,24,2,8,3,0,0,0,32
2020-07-02,123,0,3,0,5,28,1,0,2,5,0,2,5,0,1,1,0,59
2020-07-03,668,0,2,9,47,161,1,1,3,309,32,1,20,5,1,2,9,104
2020-07-04,637,4,5,1,28,145,9,15,46,210,62,15,18,47,5,20,9,84
2020-07-05,1179,0,5,3,97,170,5,27,21,580,25,4,33,21,3,2,3,61
2020-07-06,1014,0,7,9,41,166,4,16,22,348,30,21,18,9,0,0,5,119
2020-07-07,864,1,8,11,53,133,2,8,17,162,1,22,17,11,6,0,31,54
2020-07-08,1357,2,15,9,76,141,5,14,11,381,19,11,6,1,6,5,18,79
2020-07-09,626,2,2,9,32,105,3,22,4,281,3,10,15,21,4,15,3,91
2020-07-10,689,1,0,5,36,136,3,10,16,50,19,12,10,13,2,1,9,97
2020-07-11,781,2,2,11,42,98,5,8,20,71,0,4,24,37,6,0,12,90
2020-07-12,1131,5,4,6,67,212,4,21,31,289,6,5,31,22,8,7,21,117
2020-07-13,522,3,0,1,34,130,1,11,3,9,13,20,12,20,2,0,2,28
2020-07-14,345,1,2,7,28,107,0,4,1,31,20,2,7,16,1,1,2,25
2020-07-15,604,2,2,0,24,166,0,1,123,185,2,40,18,17,2,0,14,64
2020-07-16,1647,1,4,2,48,169,10,5,41,186,6,33,17,43,11,2,14,160
2020-07-17,971,2,7,9,25,177,0,5,54,246,3,8,29,16,11,0,61,40
2020-07-18,1585,1,1,12,51,271,5,2,22,45,2,18,31,29,7,0,6,137
2020-07-19,1476,3,3,16,76,339,6,15,24,53,14,6,11,32,17,1,3,75
2020-07-20,1157,1,1,6,34,168,1,12,4,6,3,6,1,28,3,0,8,48
2020-07-21,1337,11,21,1,48,221,3,8,29,90,3,9,4,28,2,2,2,85
2020-07-22,763,0,14,15,59,98,17,5,38,231,7,51,33,1,14,10,8,83
2020-07-23,1286,8,10,3,50,235,4,2,19,242,3,20,16,20,16,6,4,160
2020-07-24,1150,0,10,4,52,316,3,11,60,275,19,22,8,18,5,3,4,40
2020-07-25,993,5,5,7,34,262,0,19,32,492,0,10,3,45,8,1,2,47
2020-07-26,1137,1,26,7,29,214,1,19,73,303,2,7,1,37,0,0,15,162
2020-07-27,1029,0,0,1,62,220,7,8,3,32,0,0,4,26,3,0,0,191
2020-07-28,782,11,8,2,20,476,0,6,23,99,28,9,4,24,2,15,15,29
2020-07-29,793,11,3,0,40,283,5,9,136,320,18,7,16,4,10,1,5,42
2020-07-30,1872,7,9,3,76,482,4,5,32,985,16,52,29,31,20,2,14,83
2020-07-31,2273,21,17,8,100,491,14,6,106,637,7,50,18,53,15,4,10,75
2020-08-01,2601,29,27,14,176,1065,12,51,46,338,48,12,16,48,21,17,1,232
2020-08-02,2663,7,55,36,192,1164,8,16,76,443,21,5,26,38,10,12,2,85
2020-08-03,1535,12,11,10,105,554,1,14,55,491,8,33,18,58,18,16,3,159
2020-08-04,2962,23,74,22,331,1556,21,77,66,232,120,17,47,19,17,30,30,173
2020-08-05,2369,10,19,18,109,380,10,23,78,59,16,16,20,12,12,21,14,145
2020-08-06,1996,18,11,14,152,536,12,12,126,224,27,43,21,39,11,28,5,151
2020-08-07,1803,22,30,26,95,794,24,69,20,27,82,9,37,12,8,13,10,211
2020-08-08,2688,10,23,34,71,679,10,40,95,122,68,47,21,17,6,1,22,169
2020-08-09,1654,12,30,4,195,491,2,41,97,114,69,16,28,24,29,10,1,188
2020-08-10,4165,14,30,9,288,1312,13,51,195,170,70,37,44,70,13,10,8,284
2020-08-11,1452,24,15,36,96,812,14,37,160,125,15,16,1,18,5,0,6,36
2020-08-12,2523,26,23,38,203,753,12,33,133,89,50,34,24,47,8,1,6,213
2020-08-13,2394,21,45,19,114,679,5,32,119,213,54,21,8,38,8,1,10,100
2020-08-14,3788,17,32,14,316,1009,23,49,113,80,72,26,49,61,14,11,14,312
2020-08-15,2423,50,42,12,190,729,53,66,146,193,53,35,72,34,4,2,13,85
2020-08-16,2019,11,5,9,93,712,7,19,86,86,75,14,17,28,7,2,7,119
2020-08-17,1899,56,22,12,165,714,8,23,46,69,14,36,26,12,3,20,16,106
2020-08-18,2918,6,25,14,307,874,8,14,115,97,48,30,44,50,9,6,3,205
2020-08-19,3012,11,16,8,163,746,8,16,164,72,93,16,30,50,10,5,3,96
2020-08-20,2517,2,16,21,201,594,10,9,103,127,90,19,6,27,7,5,0,470
2020-08-21,2674,13,21,15,288,920,17,102,124,86,60,26,69,31,11,10,8,205
2020-08-22,2791,27,23,31,278,1039,30,56,160,120,102,23,26,27,10,9,3,100
2020-08-23,1012,25,8,20,209,419,4,63,149,111,134,32,9,18,0,31,1,85
2020-08-24,2470,20,36,9,344,831,12,30,108,76,134,37,25,37,7,13,15,403
2020-08-25,1570,19,10,14,246,464,18,21,264,44,13,26,28,12,6,4,8,153
2020-08-26,3104,17,23,22,172,1018,21,25,352,63,25,32,81,19,19,37,29,136
2020-08-27,1563,1,18,21,136,611,4,60,207,72,135,12,3,23,10,14,35,266
2020-08-28,2066,27,39,31,243,588,12,31,208,150,130,35,42,6,4,10,27,274
2020-08-29,1994,26,12,60,234,658,0,31,154,91,128,47,45,38,8,8,5,39
2020-08-30,2185,29,38,33,184,860,10,95,120,77,146,19,37,52,9,19,4,301
2020-08-31,1883,23,19,11,287,493,0,37,160,94,213,34,38,32,14,1,32,38
2020-09-01,1797,9,26,46,229,719,5,26,160,103,26,40,36,37,10,4,9,140
2020-09-02,1144,7,7,12,96,335,5,25,182,116,59,11,75,35,4,23,8,32
2020-09-03,779,7,23,9,53,465,10,13,164,72,65,37,95,22,16,24,6,29
2020-09-04,1776,10,13,19,208,821,17,74,440,43,85,21,18,42,19,31,13,23
2020-09-05,1144,14,18,49,162,433,23,44,269,57,117,20,26,27,24,2,20,44
2020-09-06,1137,6,5,35,203,688,45,35,269,60,97,22,54,25,37,24,19,27
2020-09-07,509,13,21,28,47,340,22,23,113,78,23,23,16,24,14,29,19,16
2020-09-08,1422,15,42,34,302,880,11,33,215,64,21,21,65,24,22,29,24,35
2020-09-09,1465,16,12,7,248,836,14,6,225,34,49,22,58,30,30,14,30,40
2020-09-10,2140,10,40,7,203,727,33,37,152,60,65,21,66,20,44,11,19,119
2020-09-11,1798,3,36,76,293,960,20,37,185,82,69,17,67,18,45,33,28,249
2020-09-12,2615,36,55,40,340,967,58,43,276,128,77,30,48,25,23,8,12,110
2020-09-13,1475,11,30,46,318,727,41,24,287,72,57,24,47,31,47,41,12,49
2020-09-14,2503,18,27,34,465,865,37,27,111,76,41,37,29,26,25,0,23,328
2020-09-15,1736,7,43,79,260,730,18,24,275,92,32,35,21,31,11,5,23,92
2020-09-16,1606,18,7,35,357,937,48,4,146,30,71,13,46,39,25,64,36,33
2020-09-17,1256,7,76,27,528,674,16,51,256,103,70,18,57,30,28,64,43,31
2020-09-18,1333,27,39,36,346,609,26,23,242,129,80,29,57,44,33,31,83,28
2020-09-19,1458,33,31,59,572,898,35,28,254,164,25,28,28,27,25,14,36,36
2020-09-20,1318,4,20,24,326,685,34,24,300,51,100,28,69,27,12,10,22,37
2020-09-21,1241,28,39,53,263,648,3,19,126,156,48,16,96,15,44,26,13,18
2020-09-22,559,61,19,46,134,288,3,28,159,59,11,22,25,28,5,64,54,32
2020-09-23,1185,27,15,23,254,631,23,21,322,47,35,25,45,29,23,19,12,31
2020-09-24,774,21,6,22,83,679,18,11,157,60,98,12,40,29,21,67,24,12
2020-09-25,1056,38,25,10,154,634,23,16,169,65,108,27,112,25,16,38,33,11
2020-09-26,1105,69,25,23,240,436,33,27,231,126,49,31,53,61,54,48,55,11
2020-09-27,1043,23,50,50,347,772,41,23,193,47,33,18,74,80,43,24,44,23
2020-09-28,1148,43,30,42,202,808,68,27,281,77,75,22,54,45,23,19,24,29
2020-09-29,593,51,19,11,246,506,21,30,232,50,7,20,54,31,7,48,20,8
2020-09-30,865,71,42,17,153,561,27,8,139,30,49,29,157,53,30,65,43,23
2020-10-01,906,77,24,24,178,580,38,17,126,46,100,15,35,77,31,35,36,12
2020-10-02,1059,35,28,17,250,547,31,12,270,73,30,31,35,25,28,24,35,12
2020-10-03,1032,46,65,15,167,729,39,13,147,49,85,25,34,27,35,62,18,13
2020-10-04,1243,94,111,56,337,679,28,35,199,73,34,31,41,45,42,43,17,14
2020-10-05,800,67,24,21,142,555,25,16,173,63,61,23,63,68,15,64,10,16
2020-10-06,539,59,19,34,215,595,11,29,238,50,50,33,70,37,12,20,10,27
2020-10-07,1003,87,8,43,290,784,30,9,117,25,32,31,119,63,31,53,27,14
2020-10-08,850,19,25,35,203,666,26,7,62,54,95,14,59,48,22,69,62,19
2020-10-09,1078,19,28,40,242,799,42,13,285,61,66,68,41,40,52,30,24,22
2020-10-10,639,42,16,37,154,550,15,20,279,51,82,60,67,71,25,61,42,13
2020-10-11,772,49,23,32,288,560,34,40,154,28,72,65,95,40,29,122,39,26
2020-10-12,1333,40,50,31,284,854,9,23,357,76,19,126,86,54,23,37,41,97
2020-10-13,580,58,16,82,145,461,7,33,155,68,12,54,171,70,5,21,18,24
2020-10-14,618,55,43,13,105,537,11,16,132,23,47,74,24,26,35,84,35,15
2020-10-15,562,33,135,76,177,441,22,15,139,31,178,85,100,62,43,35,37,80
2020-10-16,958,56,52,24,228,598,24,41,227,107,67,42,48,54,47,47,31,466
2020-10-17,735,58,34,61,254,658,15,47,139,55,89,69,98,91,24,40,50,102
2020-10-18,803,63,38,34,299,401,13,17,172,39,79,58,49,39,44,13,26,168
2020-10-19,775,52,19,38,270,545,14,35,194,51,74,35,103,96,27,64,30,197
2020-10-20,398,55,36,83,127,269,5,23,113,83,32,33,163,81,10,66,24,23
2020-10-21,371,98,33,18,118,335,6,18,130,8,73,66,21,51,45,59,25,16
2020-10-22,492,31,9,35,99,258,11,11,171,39,89,78,81,101,49,48,33,18
2020-10-23,496,29,18,21,177,338,3,20,212,59,76,50,96,119,51,77,46,19
2020-10-24,557,146,15,46,137,395,10,27,128,34,98,52,132,129,34,47,46,18
2020-10-25,568,119,25,24,166,442,9,67,165,86,89,77,105,88,58,64,35,22
2020-10-26,389,53,22,25,152,343,5,18,219,33,34,43,55,107,19,20,45,13
2020-10-27,352,111,35,16,83,261,3,11,227,50,31,77,42,85,28,24,36,36
2020-10-28,559,127,49,29,172,321,4,9,197,93,60,56,96,84,64,52,35,32
2020-10-29,496,52,14,37,177,330,10,15,138,23,130,80,44,99,18,25,37,22
2020-10-30,548,96,27,16,147,412,4,66,174,53,72,60,75,71,44,12,55,44
2020-10-31,479,117,12,48,132,325,10,37,133,73,26,86,51,110,42,59,31,21
2020-11-01,599,166,51,46,212,419,20,56,131,88,93,37,67,193,53,48,49,54
2020-11-02,631,239,19,48,225,412,11,42,116,35,72,60,52,211,21,19,29,48
2020-11-03,408,128,8,44,289,274,2,31,132,82,56,40,94,43,36,15,28,55
2020-11-04,214,13,17,6,40,167,3,5,150,18,22,35,8,175,36,30,30,11
2020-11-05,570,23,27,10,135,299,11,21,100,22,63,36,50,132,26,9,25,23
2020-11-06,529,74,28,25,221,360,8,17,75,42,158,53,52,183,27,42,30,152
2020-11-07,553,49,22,26,241,383,5,74,168,53,101,27,82,127,51,29,58,93
2020-11-08,665,168,43,30,208,544,5,26,118,67,74,48,81,125,69,35,95,28
2020-11-09,473,116,41,22,236,387,19,60,169,49,82,52,58,99,24,23,98,39
2020-11-10,364,69,24,44,115,250,3,11,106,36,21,51,64,82,13,18,22,47
2020-11-11,391,129,65,21,113,317,7,8,99,71,55,41,97,141,45,16,20,31
2020-11-12,314,29,51,51,101,279,11,14,55,11,123,23,11,250,27,28,7,16
2020-11-13,390,50,60,93,203,338,8,64,96,100,144,44,38,147,34,20,28,26
2020-11-14,339,45,25,96,77,350,9,13,113,108,70,42,81,145,31,49,16,37
2020-11-15,431,30,35,30,132,271,9,32,66,63,86,43,42,99,64,28,19,44
2020-11-16,350,50,6,23,110,414,22,11,134,157,84,42,36,189,19,26,12,42
2020-11-17,234,74,36,37,82,209,2,11,74,76,11,74,62,47,16,23,20,54
2020-11-18,346,62,21,19,103,355,20,15,98,26,43,37,37,57,39,24,23,53
2020-11-19,307,38,47,13,110,276,11,20,66,35,99,29,19,144,25,22,23,39
2020-11-20,358,34,41,21,157,324,6,31,106,79,71,45,70,117,35,52,37,42
2020-11-21,334,34,24,24,357,296,8,40,147,111,44,42,47,162,33,29,21,26
2020-11-22,511,15,34,29,231,398,17,44,131,59,83,48,70,141,30,43,11,60
2020-11-23,462,30,66,28,217,428,15,21,99,69,57,49,45,78,13,47,21,46
2020-11-24,270,64,18,17,59,231,3,12,94,59,10,43,71,62,3,34,6,58
2020-11-25,314,29,7,27,90,237,14,16,70,26,37,18,44,171,14,35,10,34
2020-11-26,317,43,22,29,139,304,26,13,70,38,57,23,59,117,12,58,19,42
2020-11-27,539,41,35,23,155,328,12,37,92,10,12,36,31,124,53,41,29,23
2020-11-28,394,51,34,9,157,220,29,52,158,131,194,16,59,256,52,10,14,49
2020-11-29,592,43,45,44,263,425,19,16,113,98,24,65,35,74,27,44,28,113
2020-11-30,417,53,79,3,194,358,16,17,162,52,95,33,45,131,13,33,19,45
2020-12-01,288,86,141,50,75,214,10,15,82,49,39,30,43,74,10,24,10,52
2020-12-02,362,93,33,33,150,196,19,14,103,31,8,32,49,179,23,39,21,46
2020-12-03,301,2,8,13,132,178,26,2,25,30,68,27,27,127,17,22,26,25
2020-12-04,234,71,31,48,59,151,29,11,86,12,38,17,19,41,21,8,15,38
2020-12-05,439,98,62,113,186,263,17,12,64,31,37,25,46,179,27,18,28,80
2020-12-06,485,130,21,63,138,320,32,18,66,24,77,49,73,95,20,66,15,62
2020-12-07,386,95,10,22,266,266,11,5,81,8,36,44,48,230,10,20,18,11
2020-12-08,325,184,30,31,109,237,7,49,86,15,29,43,49,109,23,5,13,50
2020-12-09,351,88,9,69,125,241,31,12,60,65,17,26,44,125,15,54,13,35
2020-12-10,331,89,44,66,133,198,13,8,72,40,94,27,20,77,19,35,8,98
2020-12-11,307,61,29,133,177,224,12,12,62,65,65,22,51,148,21,31,7,72
2020-12-12,354,97,28,29,62,212,9,22,54,36,113,14,52,146,12,34,5,16
2020-12-13,373,67,32,55,110,149,2,4,22,26,29,18,38,38,10,45,0,25
2020-12-14,527,8,21,38,63,197,22,26,27,16,57,10,24,203,6,27,5,36
2020-12-15,277,70,16,65,135,247,5,19,88,29,5,17,42,40,7,20,6,37
2020-12-16,284,34,13,41,124,173,4,5,48,54,82,18,46,143,26,30,4,21
2020-12-17,370,34,43,95,111,227,6,15,95,21,183,26,47,75,43,37,12,24
2020-12-18,688,84,49,116,217,265,13,31,86,52,181,26,63,96,50,34,21,36
2020-12-19,443,132,42,43,132,262,7,9,44,35,52,12,71,103,16,39,8,29
2020-12-20,481,161,39,34,178,295,18,54,68,37,109,28,14,109,19,36,15,48
2020-12-21,595,104,35,32,114,296,8,11,37,23,124,14,21,177,18,51,15,37
2020-12-22,333,182,67,39,108,197,0,12,59,13,12,10,77,88,11,24,13,57
2020-12-23,436,21,17,54,92,239,8,8,43,12,77,14,43,68,15,5,5,34
2020-12-24,493,107,38,37,123,231,13,19,53,24,241,18,28,147,29,46,6,114
2020-12-25,521,23,41,49,219,234,7,14,65,46,256,10,50,123,28,33,9,147
2020-12-26,375,26,39,25,183,304,12,14,59,34,101,9,28,95,35,35,11,19
2020-12-27,234,79,29,27,63,123,18,13,43,27,46,18,20,75,9,22,14,11
2020-12-28,188,62,65,21,56,120,5,8,20,17,25,10,41,76,10,14,6,20
2020-12-29,211,56,11,13,125,134,1,8,69,18,14,7,25,91,15,42,8,33
2020-12-30,302,79,16,23,78,141,12,30,43,22,43,21,62,26,31,39,4,34
2020-12-31,554,90,42,79,155,217,7,16,51,47,12,22,30,77,60,24,16,34
2021-01-01,400,60,24,41,125,283,19,35,68,58,332,14,52,148,38,9,18,36
2021-01-02,157,34,27,43,98,197,14,18,35,17,101,13,47,145,40,68,7,31
2021-01-03,206,62,55,61,72,108,3,12,19,22,26,18,55,108,20,10,9,25
2021-01-04,282,21,11,27,76,154,0,10,29,49,35,19,47,98,5,50,3,39
2021-01-05,172,21,14,81,110,107,0,11,39,41,9,13,82,112,20,87,4,13
2021-01-06,270,46,16,32,87,170,15,16,30,57,41,26,68,102,17,24,9,14
2021-01-07,405,16,45,45,132,218,4,11,28,65,129,25,46,82,24,47,15,9
2021-01-08,445,48,60,88,179,294,11,18,54,96,75,31,60,166,35,76,11,25
2021-01-09,420,98,124,79,184,318,9,14,65,85,151,24,33,194,52,41,14,24
2021-01-10,492,154,83,55,197,262,8,16,45,117,109,24,48,145,31,61,8,40
2021-01-11,485,68,129,96,108,290,6,61,54,71,139,44,104,206,60,60,15,51
2021-01-12,375,117,84,41,92,236,14,18,29,95,0,20,45,238,39,11,8,59
2021-01-13,329,98,85,40,104,171,18,37,39,95,123,47,65,93,18,35,10,43
2021-01-14,450,55,129,57,125,188,16,39,83,109,73,24,87,287,43,73,38,30
2021-01-15,401,95,150,120,200,214,10,48,70,125,172,27,129,158,35,39,21,30
2021-01-16,461,304,85,56,146,296,15,45,61,134,158,19,63,64,62,50,15,18
2021-01-17,495,167,26,91,162,193,6,44,50,132,111,41,43,178,40,61,21,29
2021-01-18,426,219,48,152,150,252,8,65,67,136,168,28,81,237,41,38,16,28
2021-01-19,296,134,40,30,112,162,18,27,36,87,24,34,99,178,21,22,8,23
2021-01-20,309,312,130,33,73,143,19,20,45,111,79,53,108,136,6,42,15,30
2021-01-21,456,115,55,46,165,244,19,14,74,132,104,36,61,111,47,34,19,34
2021-01-22,606,157,74,69,197,235,9,56,91,185,109,15,50,169,30,81,12,24
2021-01-23,382,103,35,96,139,224,5,8,78,135,80,31,88,235,74,35,19,24
2021-01-24,425,146,70,67,130,252,10,25,68,165,112,42,81,202,33,88,15,14
2021-01-25,331,135,39,49,113,212,17,18,46,191,61,48,19,133,50,88,4,23
2021-01-26,177,126,43,65,65,151,3,33,32,155,26,10,49,128,22,33,12,41
2021-01-27,414,292,146,83,150,232,8,22,62,214,102,33,107,216,22,91,7,38
2021-01-28,287,23,49,85,47,141,5,23,64,63,83,24,21,82,34,64,10,56
2021-01-29,356,78,87,75,111,219,3,24,137,208,57,31,80,209,45,81,14,28
2021-01-30,486,99,104,103,91,205,2,36,147,212,73,41,66,230,73,83,7,41
2021-01-31,417,56,199,124,87,285,20,31,43,268,174,26,52,171,29,70,16,30
2021-02-01,399,69,46,28,151,204,7,15,73,251,64,35,21,146,68,39,8,34
2021-02-02,269,150,60,29,83,242,3,24,43,268,71,31,53,187,20,6,9,31
2021-02-03,370,62,26,28,50,126,5,11,43,204,20,31,55,116,15,81,5,17
2021-02-04,232,181,27,183,69,143,1,25,35,257,132,16,36,125,38,68,16,6
2021-02-05,514,117,98,117,110,154,2,32,171,265,30,60,74,50,19,25,15,31
2021-02-06,362,59,52,66,155,254,3,18,69,357,75,18,73,193,52,97,25,9
2021-02-07,380,77,55,44,90,230,2,21,19,328,141,25,84,132,33,91,21,11
2021-02-08,394,139,48,40,89,164,5,24,74,259,51,30,105,135,48,55,7,15
2021-02-09,329,67,49,59,87,125,3,14,26,167,63,13,80,56,56,12,5,21
2021-02-10,297,112,28,36,58,120,4,15,35,371,40,6,13,93,25,60,4,19
2021-02-11,371,26,53,34,114,179,2,19,73,428,56,23,89,114,32,81,8,24
2021-02-12,452,136,46,29,134,184,23,23,85,390,63,27,131,159,15,86,2,34
2021-02-13,464,108,45,34,132,146,7,25,62,294,49,31,117,149,81,72,7,126
2021-02-14,435,134,61,62,124,203,14,37,57,391,53,27,24,109,37,41,8,105
2021-02-15,374,135,16,72,72,184,10,22,73,374,39,44,23,82,28,59,4,70
2021-02-16,211,120,64,54,48,95,1,11,31,422,41,18,71,112,10,55,2,25
2021-02-17,403,103,24,8,54,114,9,12,29,246,10,22,11,57,15,34,3,23
2021-02-18,547,29,63,68,133,155,8,19,82,332,42,12,41,93,33,40,5,35
2021-02-19,545,22,45,48,112,190,11,18,65,495,35,14,44,95,31,46,4,76
2021-02-20,599,204,65,27,114,203,1,34,128,537,73,7,48,80,53,27,10,22
2021-02-21,623,174,50,46,96,162,3,11,93,402,27,24,30,60,25,34,7,15
2021-02-22,716,108,51,58,116,212,7,19,70,479,126,20,36,119,50,36,12,47
2021-02-23,367,60,48,40,100,170,4,9,52,413,6,18,17,62,20,13,5,6
2021-02-24,495,99,23,26,80,132,4,6,68,419,26,11,10,86,8,20,8,32
2021-02-25,905,31,18,27,189,200,3,23,96,444,85,16,36,78,57,10,5,34
2021-02-26,935,186,80,65,153,200,19,11,108,497,53,31,37,131,29,51,8,52
2021-02-27,1022,106,35,191,135,249,3,29,90,678,67,27,52,108,30,30,4,60
2021-02-28,893,139,42,80,135,226,5,15,77,196,36,16,16,65,52,17,17,82
2021-03-01,890,60,26,48,126,192,4,45,91,313,40,12,50,61,26,21,8,21
2021-03-02,818,98,44,53,148,219,6,9,46,295,7,17,101,52,24,23,7,92
2021-03-03,741,104,26,5,101,179,15,23,42,355,8,11,41,37,23,9,10,44
2021-03-04,1056,78,24,9,150,260,11,34,142,396,65,19,40,51,20,17,5,62
2021-03-05,1311,145,39,73,246,332,13,29,69,437,56,45,42,70,24,52,9,41
2021-03-06,1488,357,29,54,241,434,15,26,73,405,49,31,48,43,30,25,10,74
2021-03-07,1537,110,70,28,212,335,19,15,65,491,72,34,31,110,30,29,8,67
2021-03-08,1676,100,29,42,207,448,13,34,76,398,61,12,52,30,44,47,5,75
2021-03-09,1263,21,31,70,174,420,20,10,55,417,6,9,19,15,19,12,3,95
2021-03-10,1547,139,21,76,161,355,18,20,68,332,28,12,14,30,5,12,2,37
2021-03-11,1985,16,34,145,263,442,13,12,123,397,56,15,55,40,21,49,12,59
2021-03-12,2181,196,54,187,380,618,28,34,54,512,68,10,52,64,15,33,16,65
2021-03-13,2387,217,54,187,385,759,16,23,105,475,51,10,10,128,17,35,2,121
2021-03-14,2349,189,45,141,429,725,22,26,93,544,30,26,40,52,14,32,7,108
2021-03-15,2864,136,85,125,406,852,16,17,129,422,50,28,35,35,43,39,10,90
2021-03-16,2272,167,29,110,397,755,23,10,58,268,31,14,68,78,20,27,6,77
2021-03-17,2496,181,64,191,278,593,31,30,80,226,27,12,24,23,10,27,6,69
2021-03-18,2803,35,59,159,411,910,34,42,100,473,27,27,34,57,30,28,7,27
2021-03-19,3821,165,63,140,750,1080,33,34,230,457,47,27,55,45,24,26,10,66
2021-03-20,4083,273,100,347,817,1340,30,29,151,406,40,19,52,110,60,35,13,69
2021-03-21,4429,203,43,297,685,1056,35,26,132,461,26,29,38,102,28,36,9,75
2021-03-22,4122,420,115,268,534,1324,66,47,223,479,48,29,89,80,45,21,8,71
2021-03-23,3635,47,61,146,479,1021,16,17,67,166,21,18,18,16,22,17,9,64
2021-03-24,3820,210,56,177,706,1070,25,50,67,221,31,23,59,12,12,23,17,56
2021-03-25,4944,100,69,405,810,1478,57,27,147,354,76,39,56,24,37,35,30,52
2021-03-26,5449,118,157,455,923,1751,51,55,113,363,46,20,51,72,34,48,12,68
2021-03-27,5229,347,127,341,960,1588,44,41,144,362,31,34,62,92,40,29,3,55
2021-03-28,5178,290,105,409,973,1595,37,45,126,333,51,33,75,28,30,30,33,71
2021-03-29,5426,104,82,496,948,2104,43,51,143,298,18,29,41,60,37,48,8,31
2021-03-30,5002,291,238,634,801,1477,101,45,139,204,86,25,13,94,25,17,16,41
2021-03-31,2954,160,145,419,537,1102,26,26,101,279,57,38,89,53,7,12,4,89
2021-04-01,5028,87,94,316,886,1681,66,89,136,168,72,36,32,22,57,34,15,61
2021-04-02,7923,349,354,637,1635,2897,109,125,240,496,44,52,99,98,49,90,22,52
2021-04-03,6765,470,342,478,1223,2115,38,66,241,320,82,52,32,107,68,59,33,53
2021-04-04,5747,497,292,547,1104,2044,56,78,126,205,45,40,54,23,33,37,43,35
2021-04-05,3856,640,416,653,636,1501,53,78,136,117,25,25,61,49,18,18,19,38
2021-04-06,3781,819,459,938,937,1607,38,19,214,188,13,31,111,86,15,23,15,48
2021-04-07,3249,17,122,449,599,1459,30,58,141,98,18,45,19,21,13,11,9,42
2021-04-08,4367,205,88,584,991,1822,49,75,299,221,90,92,68,63,35,66,18,60
2021-04-09,5771,284,193,595,1319,2471,66,105,372,393,76,68,134,111,45,115,32,46
2021-04-10,5952,154,498,496,1521,2556,39,89,484,284,78,73,108,101,51,100,30,37
2021-04-11,5637,264,441,705,1113,2320,28,96,349,197,46,114,25,128,56,61,41,28
2021-04-12,5145,346,309,583,1172,2334,79,113,448,289,49,83,92,92,59,78,55,25
2021-04-13,3966,271,172,557,1115,1555,91,60,245,110,29,50,69,53,45,71,15,69
2021-04-14,3779,200,70,285,807,1833,60,104,330,234,12,59,36,63,24,115,64,23
2021-04-15,5373,557,135,460,1092,2252,89,111,518,241,88,127,73,91,56,71,20,42
2021-04-16,5164,302,130,435,1207,2099,84,101,315,335,61,84,61,60,61,88,63,36
2021-04-17,4652,428,225,725,1508,2124,59,124,364,283,37,134,90,89,62,106,33,29
2021-04-18,4667,328,304,390,957,2174,81,91,273,311,56,136,76,81,51,45,27,22
2021-04-19,3873,453,92,559,1337,2084,70,133,307,227,66,113,43,68,49,88,18,30
2021-04-20,2805,430,150,738,688,1467,70,118,238,200,40,110,103,54,51,47,26,22
2021-04-21,4155,405,137,692,956,1932,95,108,220,134,40,79,53,68,34,50,24,13
2021-04-22,4194,244,126,370,1096,1465,115,98,293,181,47,153,126,33,53,74,29,48
2021-04-23,3513,311,169,270,1209,1808,95,177,226,263,48,180,149,49,72,72,27,48
2021-04-24,3661,310,157,645,1412,1848,64,203,383,326,81,219,107,66,48,65,17,18
2021-04-25,2835,340,160,628,974,1683,139,123,312,281,80,225,56,57,90,82,36,34
2021-04-26,3492,351,174,679,1167,1692,97,114,343,311,58,115,88,57,44,71,24,22
2021-04-27,2922,325,161,332,911,1303,50,130,355,166,54,212,66,42,88,22,21,29
2021-04-28,2974,234,80,381,870,1491,116,77,145,104,60,99,76,31,37,49,20,28
2021-04-29,3427,219,175,383,1107,1486,110,110,314,204,122,187,131,77,72,61,35,19
2021-04-30,3048,166,204,632,1128,1931,109,139,329,395,116,136,68,71,73,87,63,24
2021-05-01,3258,418,202,512,1365,1625,139,183,461,294,54,211,128,80,100,57,94,21
2021-05-02,2926,269,176,496,872,1821,138,133,393,271,70,242,208,90,90,66,42,26
2021-05-03,2409,249,218,520,835,1427,146,128,474,201,67,143,95,85,72,98,46,28
2021-05-04,1830,254,124,454,555,1149,59,164,309,147,2,194,120,93,129,25,45,8
2021-05-05,1639,358,130,372,579,1323,113,86,298,56,32,212,97,91,90,125,40,33
2021-05-06,2042,145,173,329,931,1490,151,114,481,101,124,96,130,96,65,79,63,14
2021-05-07,2311,286,184,673,1036,1546,166,144,252,174,106,231,172,133,102,103,59,42
2021-05-08,1997,385,177,767,940,1283,142,144,239,111,41,214,79,120,120,110,51,32
2021-05-09,1988,302,155,710,773,1419,98,90,184,212,90,429,191,105,203,138,45,22
2021-05-10,1755,179,177,344,855,1354,208,135,560,228,76,213,212,131,135,134,94,35
2021-05-11,1204,369,153,347,622,788,83,86,280,68,39,251,161,81,75,58,39,17
2021-05-12,1209,213,89,336,507,1053,57,148,281,191,72,132,153,111,160,43,56,18
2021-05-13,1614,182,112,525,988,960,95,128,381,171,162,256,219,103,151,171,113,11
2021-05-14,1698,193,186,458,976,1328,51,126,277,309,118,293,300,91,141,149,49,21
2021-05-15,1614,175,119,528,825,1379,114,186,547,136,48,337,262,169,90,95,71,25
2021-05-16,1224,231,253,340,655,1165,160,89,293,290,81,194,393,108,74,164,46,12
2021-05-17,1334,123,250,158,707,1230,216,108,412,170,119,318,346,118,174,80,87,18
2021-05-18,878,212,188,232,565,803,143,122,213,145,22,201,209,116,208,100,101,25
2021-05-19,985,221,271,224,614,930,149,77,263,98,34,213,107,120,155,131,82,20
2021-05-20,1355,67,247,395,827,1030,255,105,484,227,125,278,161,76,181,183,58,36
2021-05-21,1406,99,166,241,801,1205,230,155,498,280,119,167,255,186,103,169,117,51
2021-05-22,1426,136,193,139,1062,1246,204,119,435,297,111,367,300,202,294,214,50,21
2021-05-23,604,154,92,4,264,461,103,21,269,141,168,66,252,216,115,88,45,14
2021-05-24,1044,47,100,226,470,1038,179,214,390,150,141,144,268,147,162,158,71,14
2021-05-25,523,160,69,224,469,569,192,191,234,77,18,270,337,165,186,153,105,19
2021-05-26,988,223,160,255,657,1024,115,127,253,267,36,285,395,142,72,235,44,19
2021-05-27,1310,65,152,626,828,777,140,241,588,220,183,241,203,286,269,220,96,29
2021-05-28,1622,210,254,890,1419,1333,159,199,536,294,163,362,214,359,290,298,108,22
2021-05-29,1191,183,281,589,791,1172,201,216,680,242,187,345,484,262,201,284,103,19
2021-05-30,1216,177,154,574,821,1241,169,287,467,155,153,285,347,308,277,260,136,20
2021-05-31,976,152,226,247,748,927,159,203,683,386,194,207,413,331,376,310,114,16
2021-06-01,658,131,162,570,773,813,73,136,404,140,11,100,360,214,371,82,148,23
2021-06-02,977,198,118,251,535,761,164,255,383,123,106,223,343,368,198,121,91,19
2021-06-03,1230,39,282,404,954,773,182,202,850,232,262,388,336,423,237,278,100,30
2021-06-04,1112,123,139,516,713,1171,137,203,691,467,273,202,531,358,406,265,109,22
2021-06-05,1093,138,365,281,980,881,90,130,567,375,227,227,395,432,278,307,134,40
2021-06-06,937,106,212,436,765,1046,132,218,756,360,309,285,467,449,240,325,147,22
2021-06-07,820,182,255,424,642,1058,153,262,686,395,218,137,231,371,292,271,117,16
2021-06-08,475,185,99,214,519,668,150,205,436,207,126,202,323,338,305,159,123,41
2021-06-09,870,50,134,195,515,794,142,319,562,314,109,256,265,255,359,183,82,52
2021-06-10,1160,51,203,495,874,1064,93,330,825,442,433,239,242,419,194,345,32,30
2021-06-11,858,151,263,313,574,989,154,221,664,367,541,209,279,372,325,285,73,29
2021-06-12,799,108,354,431,845,1152,110,238,1040,624,334,238,315,592,285,426,72,46
2021-06-13,810,63,210,366,543,1095,191,216,941,785,122,307,431,447,319,376,48,20
2021-06-14,825,217,191,228,563,935,148,225,681,150,312,174,425,540,398,276,101,27
2021-06-15,493,169,193,284,553,702,134,196,421,414,326,133,392,226,377,218,132,18
2021-06-16,558,239,145,226,393,689,176,248,452,161,240,227,497,458,438,179,57,19
2021-06-17,960,16,211,149,865,697,71,153,889,386,295,213,150,745,398,270,112,42
2021-06-18,765,117,308,355,440,923,162,196,662,456,457,376,420,418,380,272,95,23
2021-06-19,859,107,174,328,715,931,76,279,799,483,352,343,379,497,271,281,53,23
2021-06-20,682,103,141,241,294,797,117,206,672,393,597,216,274,463,231,300,19,49
2021-06-21,572,90,176,257,453,600,79,145,507,504,232,130,146,632,388,237,74,14
2021-06-22,396,77,146,168,250,679,110,99,315,182,445,64,211,86,295,107,16,16
2021-06-23,580,20,127,141,289,591,132,152,464,190,94,161,333,505,283,174,49,56
2021-06-24,724,106,223,212,518,851,78,244,759,389,262,333,190,631,189,228,55,41
2021-06-25,705,312,225,259,471,935,145,228,674,514,521,149,271,633,364,295,44,59
2021-06-26,880,28,286,371,473,837,160,245,797,528,472,276,232,586,304,332,24,31
2021-06-27,793,96,339,287,436,866,94,260,613,338,405,170,198,547,247,269,60,64
2021-06-28,680,75,270,172,420,749,192,165,667,324,366,174,199,546,331,195,57,17
2021-06-29,484,141,251,36,321,636,70,63,526,314,302,60,208,723,185,77,51,22
2021-06-30,589,129,134,141,260,618,129,162,473,514,160,165,166,459,196,131,38,38
2021-07-01,675,127,469,226,537,602,106,239,847,241,253,91,216,637,252,187,36,45
2021-07-02,665,188,385,247,474,674,147,158,829,553,297,221,280,543,234,218,48,25
2021-07-03,704,133,333,260,554,929,166,150,620,404,275,111,220,570,210,184,45,23
2021-07-04,791,80,280,190,440,822,238,160,785,365,383,85,307,547,229,176,42,35
2021-07-05,645,191,476,204,452,834,121,178,469,326,281,111,212,503,262,79,28,12
2021-07-06,428,162,196,69,378,578,103,50,504,311,108,60,248,407,292,133,47,34
2021-07-07,497,32,243,136,282,706,107,154,548,214,92,143,169,509,324,69,29,29
2021-07-08,791,134,302,329,468,644,122,183,687,344,210,127,320,330,206,173,45,56
2021-07-09,773,181,476,166,584,708,132,215,690,409,227,127,293,570,117,145,22,40
2021-07-10,733,127,423,119,400,699,86,100,943,500,268,90,130,576,243,136,57,31
2021-07-11,655,155,346,233,611,779,124,228,687,599,266,118,130,509,273,131,30,30
2021-07-12,605,153,533,186,439,839,140,107,558,392,171,44,220,389,305,78,20,21
2021-07-13,422,103,319,91,303,405,122,36,324,496,90,37,151,339,219,92,32,19
2021-07-14,552,129,167,131,265,447,93,99,622,239,56,66,187,448,206,60,26,9
2021-07-15,654,127,286,325,561,591,102,141,674,318,309,151,328,337,166,111,22,9
2021-07-16,864,141,286,317,575,850,101,113,492,525,187,99,296,463,125,167,53,16
2021-07-17,809,112,426,192,580,840,157,91,877,308,206,81,295,643,167,191,42,12
2021-07-18,713,195,350,174,536,814,128,137,495,491,231,91,186,484,229,125,17,4
2021-07-19,963,112,329,158,422,804,140,76,764,647,195,36,278,320,246,98,45,9
2021-07-20,706,112,376,141,414,498,120,43,330,593,144,52,128,385,325,94,22,19
2021-07-21,1008,124,292,366,723,877,111,107,789,807,150,97,387,299,222,90,46,51
2021-07-22,965,174,438,153,557,764,48,118,644,653,130,91,375,295,176,178,32,18
2021-07-23,1110,158,415,320,602,877,68,147,659,581,347,113,367,577,229,88,38,27
2021-07-24,917,174,338,390,708,730,147,57,619,747,224,56,401,319,202,89,25,22
2021-07-25,908,62,469,151,484,666,39,116,543,480,36,67,365,341,102,28,24,30
2021-07-26,1002,135,464,202,684,885,84,125,532,599,156,70,341,319,292,108,25,41
2021-07-27,839,138,632,186,554,667,163,55,362,775,130,35,450,323,182,37,34,39
2021-07-28,1200,38,330,266,337,684,19,80,516,300,70,38,174,123,197,31,26,16
2021-07-29,1344,100,336,204,763,837,38,105,519,592,222,103,170,219,103,50,8,16
2021-07-30,1558,178,519,500,998,1310,181,139,501,877,340,74,443,494,232,119,53,42
2021-07-31,1810,172,501,286,778,1395,118,123,626,860,161,104,427,358,292,88,18,21
2021-08-01,1776,129,679,294,986,1465,68,104,525,894,232,65,746,329,280,89,34,33
2021-08-02,2139,119,400,318,826,1464,131,123,537,868,144,61,325,282,234,110,22,54
2021-08-03,1431,161,442,163,840,1147,70,37,521,919,83,31,430,266,195,50,38,42
2021-08-04,1746,174,299,161,886,1333,88,82,551,846,136,77,516,126,237,27,14,33
2021-08-05,2107,81,492,317,796,1256,58,125,695,769,156,50,592,243,259,78,29,19
2021-08-06,2492,169,516,313,1322,2060,103,170,617,1047,235,96,425,562,241,165,41,46
2021-08-07,2860,197,596,340,1238,1879,107,113,744,1048,180,57,656,469,380,58,46,44
2021-08-08,2356,257,159,410,1027,1568,68,48,559,1410,156,108,635,543,133,151,46,25
2021-08-09,2423,34,472,178,1156,1897,73,112,548,762,150,56,617,159,163,48,26,18
2021-08-10,2212,135,432,255,1370,1524,77,24,505,839,125,34,463,226,162,97,51,27
2021-08-11,3165,147,491,391,1455,2566,115,198,731,899,85,113,837,233,446,56,35,47
2021-08-12,3754,87,626,441,1760,2171,41,143,664,992,186,135,646,319,238,142,38,46
2021-08-13,3641,197,578,439,1774,2738,52,131,729,1022,230,46,607,496,264,145,41,39
2021-08-14,4005,255,700,378,1908,2532,124,180,842,1258,156,141,619,623,278,156,35,52
2021-08-15,3666,165,992,631,2040,3006,121,135,734,975,189,217,910,406,341,133,50,32
2021-08-16,4124,206,713,465,1898,3239,148,144,547,1172,201,129,723,370,279,161,55,32
2021-08-17,2414,282,393,520,1302,2130,82,42,484,839,88,68,586,425,148,177,31,17
2021-08-18,2946,195,436,354,1479,2852,169,134,472,956,97,86,242,272,255,77,46,16
